[
  { "label": "Overview", "link": "/" },
  {
    "label": "Libraries",
    "items": [
      {
        "label": "Agent",
        "collapsed": true,
        "items": [
          {
            "label": "Overview",
            "link": "/libs/agent"
          },
          {
            "label": "API Reference",
            "collapsed": true,
            "autogenerate": {
              "collapsed": true,
              "directory": "libs/agent/api"
            }
          }
        ]
      },
      {
        "label": "Assets",
        "collapsed": true,
        "items": [
          {
            "label": "Overview",
            "link": "/libs/assets"
          },
          {
            "label": "API Reference",
            "collapsed": true,
            "autogenerate": {
              "collapsed": true,
              "directory": "libs/assets/api"
            }
          }
        ]
      },
      {
        "label": "Auth Client",
        "collapsed": true,
        "items": [
          {
            "label": "Overview",
            "link": "/libs/auth-client"
          },
          {
            "label": "API Reference",
            "collapsed": true,
            "autogenerate": {
              "collapsed": true,
              "directory": "libs/auth-client/api"
            }
          }
        ]
      },
      {
        "label": "Candid",
        "collapsed": true,
        "items": [
          {
            "label": "Overview",
            "link": "/libs/candid"
          },
          {
            "label": "API Reference",
            "collapsed": true,
            "autogenerate": {
              "collapsed": true,
              "directory": "libs/candid/api"
            }
          }
        ]
      },
      {
        "label": "Identity",
        "collapsed": true,
        "items": [
          {
            "label": "Overview",
            "link": "/libs/identity"
          },
          {
            "label": "API Reference",
            "collapsed": true,
            "autogenerate": {
              "collapsed": true,
              "directory": "libs/identity/api"
            }
          }
        ]
      },
      {
        "label": "Identity Secp256k1",
        "collapsed": true,
        "items": [
          {
            "label": "Overview",
            "link": "/libs/identity-secp256k1"
          },
          {
            "label": "API Reference",
            "collapsed": true,
            "autogenerate": {
              "collapsed": true,
              "directory": "libs/identity-secp256k1/api"
            }
          }
        ]
      },
      {
        "label": "Principal",
        "collapsed": true,
        "items": [
          {
            "label": "Overview",
            "link": "/libs/principal"
          },
          {
            "label": "API Reference",
            "collapsed": true,
            "autogenerate": {
              "collapsed": true,
              "directory": "libs/principal/api"
            }
          }
        ]
      },
      {
        "label": "Use Auth Client",
        "collapsed": true,
        "items": [
          {
            "label": "Overview",
            "link": "/libs/use-auth-client"
          },
          {
            "label": "API Reference",
            "collapsed": true,
            "autogenerate": {
              "collapsed": true,
              "directory": "libs/use-auth-client/api"
            }
          }
        ]
      }
    ]
  },
  {
    "label": "Upgrading",
    "autogenerate": { "directory": "upgrading", "collapsed": true }
  },
  {
    "label": "Changelog",
    "link": "/changelog"
  }
]
