[
  {
    "label": "Getting Started",
    "items": [
      { "label": "Overview", "link": "/" },
      { "label": "Installation", "link": "/installation" },
      { "label": "Quick Start", "link": "/quick-start" }
    ]
  },
  {
    "label": "Modules",
    "items": [
      {
        "label": "Assets",
        "collapsed": true,
        "autogenerate": {
          "collapsed": true,
          "directory": "api/assets/"
        }
      },
      {
        "label": "ckBTC",
        "collapsed": true,
        "autogenerate": {
          "collapsed": true,
          "directory": "api/ckbtc/"
        }
      },
      {
        "label": "ckETH",
        "collapsed": true,
        "autogenerate": {
          "collapsed": true,
          "directory": "api/cketh/"
        }
      },
      {
        "label": "CMC",
        "collapsed": true,
        "autogenerate": {
          "collapsed": true,
          "directory": "api/cmc/"
        }
      },
      {
        "label": "IC Management",
        "collapsed": true,
        "autogenerate": {
          "collapsed": true,
          "directory": "api/ic-management/"
        }
      },
      {
        "label": "Ledger",
        "items": [
          {
            "label": "ICP",
            "collapsed": true,
            "autogenerate": {
              "collapsed": true,
              "directory": "api/ledger/icp/"
            }
          },
          {
            "label": "ICRC",
            "collapsed": true,
            "autogenerate": {
              "collapsed": true,
              "directory": "api/ledger/icrc/"
            }
          },
          {
            "label": "Cycles",
            "collapsed": true,
            "autogenerate": {
              "collapsed": true,
              "directory": "api/ledger/cycles/"
            }
          }
        ]
      },
      {
        "label": "NNS",
        "collapsed": true,
        "autogenerate": {
          "collapsed": true,
          "directory": "api/nns/"
        }
      },
      {
        "label": "SNS",
        "collapsed": true,
        "autogenerate": {
          "collapsed": true,
          "directory": "api/sns/"
        }
      }
    ]
  },
  {
    "label": "Upgrading",
    "autogenerate": { "directory": "upgrading", "collapsed": true }
  },
  {
    "label": "Changelog",
    "link": "/changelog"
  }
]
